{
  "_fv": 55,
  "_type": "tag",
  "definition": {
    "type": "Blocks",
    "items": [],
    "blocks": [
      {
        "value": "CUSTOM:BasicPowerCable"
      },
      {
        "value": "CUSTOM:BasicPowerCableE"
      },
      {
        "value": "CUSTOM:BasicPowerCableF"
      },
      {
        "value": "CUSTOM:BasicPowerCableI"
      },
      {
        "value": "CUSTOM:BasicPowerCableL"
      },
      {
        "value": "CUSTOM:BasicPowerCableLC"
      },
      {
        "value": "CUSTOM:BasicPowerCableLCC"
      },
      {
        "value": "CUSTOM:BasicPowerCableLT"
      },
      {
        "value": "CUSTOM:BasicPowerCableLTC"
      },
      {
        "value": "CUSTOM:BasicPowerCableT"
      },
      {
        "value": "CUSTOM:BasicPowerCableTC"
      },
      {
        "value": "CUSTOM:BasicPowerCableTX"
      },
      {
        "value": "CUSTOM:BasicPowerCableTXC"
      },
      {
        "value": "CUSTOM:BasicPowerCableTXCC"
      },
      {
        "value": "CUSTOM:BasicPowerCableX"
      },
      {
        "value": "CUSTOM:BasicPowerCableXC"
      },
      {
        "value": "CUSTOM:BasicPowerCableS"
      }
    ],
    "functions": [],
    "entities": [],
    "biomes": [],
    "name": "cable",
    "namespace": "forge"
  }
}