{
  "_fv": 55,
  "_type": "recipe",
  "definition": {
    "recipeType": "Crafting",
    "recipeRetstackSize": 1,
    "group": "",
    "cookingBookCategory": "MISC",
    "xpReward": 0.0,
    "cookingTime": 200,
    "craftingBookCategory": "EQUIPMENT",
    "recipeShapeless": false,
    "recipeSlots": [
      {
        "value": "Blocks.WOODEN_SLAB#0"
      },
      {
        "value": ""
      },
      {
        "value": "Blocks.WOODEN_SLAB#0"
      },
      {
        "value": "Blocks.PLANKS#0"
      },
      {
        "value": "Blocks.PLANKS#0"
      },
      {
        "value": "Blocks.PLANKS#0"
      },
      {
        "value": ""
      },
      {
        "value": "Blocks.LADDER"
      },
      {
        "value": ""
      }
    ],
    "recipeReturnStack": {
      "value": "CUSTOM:Hat100.helmet"
    },
    "name": "download_100_recipe",
    "namespace": "mod"
  }
}