{
  "_fv": 55,
  "_type": "tool",
  "definition": {
    "toolType": "Fishing rod",
    "renderType": 0,
    "blockingRenderType": 0,
    "texture": "golden_fishing_rod",
    "customModelName": "Normal",
    "blockingModelName": "Normal blocking",
    "name": "Golden Fishing Rod",
    "specialInformation": {
      "fixedValue": [
        "Kind of makes me feel lucky…"
      ]
    },
    "creativeTab": {
      "value": "CUSTOM:FishAwayTab"
    },
    "harvestLevel": 1,
    "efficiency": 4.0,
    "attackSpeed": 1.0,
    "enchantability": 22,
    "damageVsEntity": 4.0,
    "usageCount": 18,
    "blocksAffected": [],
    "glowCondition": {
      "fixedValue": false
    },
    "repairItems": [
      {
        "value": "Items.GOLD_INGOT"
      }
    ],
    "immuneToFire": false,
    "stayInGridWhenCrafting": false,
    "damageOnCrafting": false,
    "onItemInUseTick": {
      "name": "GoldenFishingRodToolInHandTick"
    }
  }
}