{
  "_fv": 55,
  "_type": "achievement",
  "definition": {
    "achievementName": "RICH Fishermen!",
    "achievementDescription": "Obtain a Diamond Fishing Rod.",
    "achievementIcon": {
      "value": "CUSTOM:DiamondFishingRod"
    },
    "background": "Default",
    "disableDisplay": false,
    "showPopup": true,
    "announceToChat": true,
    "hideIfNotCompleted": false,
    "rewardLoot": [],
    "rewardRecipes": [
      "NetheriteFishingRodRecipe"
    ],
    "rewardFunction": "No function",
    "rewardXP": 0,
    "achievementType": "goal",
    "parent": {
      "value": "CUSTOM:NowIFeelLucky"
    },
    "triggerxml": "<xml xmlns=\"https://developers.google.com/blockly/xml\"><block type=\"item_in_inventory\" x=\"33\" y=\"23\"><value name=\"amount_l\"><block type=\"math_number\"><field name=\"NUM\">1</field></block></value><value name=\"amount_h\"><block type=\"math_number\"><field name=\"NUM\">1</field></block></value><value name=\"item\"><block type=\"mcitem_all\"><field name=\"value\">CUSTOM:DiamondFishingRod</field></block></value><next><block type=\"advancement_trigger\" deletable=\"false\"></block></next></block></xml>"
  }
}