{
  "credit": "Made with Blockbench",
  "texture_size": [
    32,
    32
  ],
  "elements": [
    {
      "name": "mesh1",
      "from": [
        6,
        6,
        6
      ],
      "to": [
        10,
        10,
        10
      ],
      "faces": {
        "north": {
          "uv": [
            11.5,
            0,
            9.5,
            2
          ],
          "texture": "#0"
        },
        "east": {
          "uv": [
            9.5,
            0,
            11.5,
            2
          ],
          "texture": "#0"
        },
        "south": {
          "uv": [
            11.5,
            0,
            9.5,
            2
          ],
          "texture": "#0"
        },
        "west": {
          "uv": [
            9.5,
            0,
            11.5,
            2
          ],
          "texture": "#0"
        },
        "up": {
          "uv": [
            9.5,
            0,
            11.5,
            2
          ],
          "texture": "#0"
        },
        "down": {
          "uv": [
            9.5,
            0,
            11.5,
            2
          ],
          "texture": "#0"
        }
      }
    }
  ],
  "display": {
    "thirdperson_righthand": {
      "rotation": [
        75,
        45,
        0
      ],
      "translation": [
        0,
        2.5,
        0
      ],
      "scale": [
        0.375,
        0.375,
        0.375
      ]
    },
    "thirdperson_lefthand": {
      "rotation": [
        75,
        45,
        0
      ],
      "translation": [
        0,
        2.5,
        0
      ],
      "scale": [
        0.375,
        0.375,
        0.375
      ]
    },
    "firstperson_righthand": {
      "rotation": [
        0,
        45,
        0
      ],
      "scale": [
        0.4,
        0.4,
        0.4
      ]
    },
    "firstperson_lefthand": {
      "rotation": [
        0,
        225,
        0
      ],
      "scale": [
        0.4,
        0.4,
        0.4
      ]
    },
    "ground": {
      "translation": [
        0,
        3,
        0
      ],
      "scale": [
        0.25,
        0.25,
        0.25
      ]
    },
    "gui": {
      "rotation": [
        30,
        225,
        0
      ],
      "scale": [
        0.625,
        0.625,
        0.625
      ]
    },
    "fixed": {
      "scale": [
        0.5,
        0.5,
        0.5
      ]
    }
  }
}