{
  "type": "minecraft:crafting_shaped",
  "category": "equipment",
  "pattern": [
    "0 2",
    "345",
    " 7 "
  ],
  "key": {
    "0": {
      "item": "minecraft:oak_log"
    },
    "2": {
      "item": "minecraft:oak_log"
    },
    "3": {
      "item": "minecraft:oak_log"
    },
    "4": {
      "item": "minecraft:oak_log"
    },
    "5": {
      "item": "minecraft:oak_log"
    },
    "7": {
      "item": "minecraft:ladder"
    }
  },
  "result": {
    "item": "fish_away_forge:hat_50_helmet",
    "count": 1
  }
}