{
  "_fv": 51,
  "_type": "biome",
  "definition": {
    "name": "Fishermans Beach",
    "groundBlock": {
      "value": "Blocks.SAND#0"
    },
    "undergroundBlock": {
      "value": "Blocks.STONE#0"
    },
    "underwaterBlock": {
      "value": "Blocks.GRAVEL"
    },
    "airColor": {
      "value": -11346224,
      "falpha": 0.0
    },
    "grassColor": {
      "value": -12208070,
      "falpha": 0.0
    },
    "foliageColor": {
      "value": -13260246,
      "falpha": 0.0
    },
    "waterColor": {
      "value": -16462356,
      "falpha": 0.0
    },
    "waterFogColor": {
      "value": -13906973,
      "falpha": 0.0
    },
    "ambientSound": {
      "value": ""
    },
    "additionsSound": {
      "value": ""
    },
    "music": {
      "value": ""
    },
    "moodSound": {
      "value": ""
    },
    "moodSoundDelay": 6000,
    "spawnParticles": false,
    "particleToSpawn": {
      "value": "EXPLOSION_NORMAL"
    },
    "particlesProbability": 0.5,
    "rainingPossibility": 0.5,
    "temperature": 1.0,
    "spawnBiome": true,
    "spawnInCaves": false,
    "spawnBiomeNether": false,
    "genTemperature": {
      "min": -0.5,
      "max": 0.8
    },
    "genHumidity": {
      "min": -0.504,
      "max": 0.4985
    },
    "genContinentalness": {
      "min": 0.3,
      "max": 1.0
    },
    "genErosion": {
      "min": -0.62,
      "max": 0.91
    },
    "genWeirdness": {
      "min": -1.0,
      "max": 1.0
    },
    "treesPerChunk": 1,
    "vanillaTreeType": "Birch trees",
    "treeType": 1,
    "minHeight": 6,
    "treeStem": {
      "value": "CUSTOM:DriftwoodBlock"
    },
    "treeBranch": {
      "value": "CUSTOM:DriftwoodLeaves"
    },
    "treeVines": {
      "value": "Blocks.VINE"
    },
    "treeFruits": {
      "value": "Blocks.AIR"
    },
    "defaultFeatures": [
      "Caves",
      "Ores",
      "FrozenTopLayer"
    ],
    "spawnStronghold": false,
    "spawnMineshaft": false,
    "spawnMineshaftMesa": false,
    "spawnPillagerOutpost": false,
    "villageType": "desert",
    "spawnWoodlandMansion": false,
    "spawnJungleTemple": false,
    "spawnDesertPyramid": false,
    "spawnSwampHut": false,
    "spawnIgloo": false,
    "spawnOceanMonument": false,
    "spawnShipwreck": true,
    "spawnShipwreckBeached": true,
    "spawnBuriedTreasure": false,
    "oceanRuinType": "WARM",
    "spawnNetherBridge": false,
    "spawnNetherFossil": false,
    "spawnBastionRemnant": false,
    "spawnEndCity": false,
    "spawnRuinedPortal": "STANDARD",
    "spawnEntries": []
  }
}