{
  "_fv": 51,
  "_type": "recipe",
  "definition": {
    "recipeType": "Smithing",
    "recipeRetstackSize": 1,
    "group": "",
    "cookingBookCategory": "MISC",
    "xpReward": 0.0,
    "cookingTime": 200,
    "craftingBookCategory": "MISC",
    "recipeShapeless": false,
    "smithingInputStack": {
      "value": "CUSTOM:DiamondFishingRod"
    },
    "smithingInputAdditionStack": {
      "value": "Items.NETHERITE_INGOT"
    },
    "smithingReturnStack": {
      "value": "CUSTOM:NetheriteFishingRod"
    },
    "name": "netherite_fishing_rod_recipe",
    "namespace": "mod"
  }
}