{
  "_fv": 51,
  "_type": "tool",
  "definition": {
    "toolType": "Fishing rod",
    "renderType": 0,
    "texture": "netherite_fishing_rod",
    "customModelName": "Normal",
    "name": "Netherite Fishing Rod",
    "specialInformation": {
      "fixedValue": []
    },
    "creativeTab": {
      "value": "CUSTOM:FishAwayTab"
    },
    "harvestLevel": 1,
    "efficiency": 4.0,
    "attackSpeed": 1.0,
    "enchantability": 2,
    "damageVsEntity": 4.0,
    "usageCount": 400,
    "blocksAffected": [],
    "glowCondition": {
      "fixedValue": false
    },
    "repairItems": [
      {
        "value": "Items.NETHERITE_SCRAP"
      }
    ],
    "immuneToFire": true,
    "stayInGridWhenCrafting": false,
    "damageOnCrafting": false,
    "onItemInUseTick": {
      "name": "NetheriteFishingRodToolInHandTick"
    }
  }
}