{
  "_fv": 51,
  "_type": "achievement",
  "definition": {
    "achievementName": "Nice Place",
    "achievementDescription": "Find the Fisherman's Beach.",
    "achievementIcon": {
      "value": "CUSTOM:Pear"
    },
    "background": "Default",
    "disableDisplay": false,
    "showPopup": true,
    "announceToChat": true,
    "hideIfNotCompleted": false,
    "rewardLoot": [],
    "rewardRecipes": [],
    "rewardFunction": "No function",
    "rewardXP": 10,
    "achievementType": "task",
    "parent": {
      "value": "CUSTOM:UpgradingTheFishing"
    },
    "triggerxml": "<xml xmlns=\"https://developers.google.com/blockly/xml\"><block type=\"biome_entered\" x=\"49\" y=\"50\"><field name=\"biome\">CUSTOM:FishermansBeach</field><next><block type=\"advancement_trigger\" deletable=\"false\"></block></next></block></xml>"
  }
}