{
  "display": {
    "icon": {
      "item": "fish_away_forge:diamond_fishing_rod"
    },
    "title": {
      "translate": "advancements.rich_fishermen.title"
    },
    "description": {
      "translate": "advancements.rich_fishermen.descr"
    },
    "frame": "goal",
    "show_toast": true,
    "announce_to_chat": true,
    "hidden": false
  },
  "criteria": {
    "rich_fishermen": {
      "trigger": "minecraft:inventory_changed",
      "conditions": {
        "items": [
          {
            "items": [
              "fish_away_forge:diamond_fishing_rod"
            ],
            "count": {
              "min": 1,
              "max": 1
            }
          }
        ]
      }
    }
  },
  "rewards": {
    "experience": 0,
    "recipes": [
      "fish_away_forge:netherite_fishing_rod_recipe"
    ]
  },
  "parent": "fish_away_forge:now_i_feel_lucky"
}