{
  "display": {
    "background": "minecraft:textures/block/stone.png",
    "icon": {
      "item": "fish_away_forge:iron_fishing_rod"
    },
    "title": {
      "translate": "advancements.upgrading_the_fishing.title"
    },
    "description": {
      "translate": "advancements.upgrading_the_fishing.descr"
    },
    "frame": "task",
    "show_toast": true,
    "announce_to_chat": true,
    "hidden": false
  },
  "criteria": {
    "upgrading_the_fishing": {
      "trigger": "minecraft:inventory_changed",
      "conditions": {
        "items": [
          {
            "items": [
              "fish_away_forge:iron_fishing_rod"
            ],
            "count": {
              "min": 1,
              "max": 1
            }
          }
        ]
      }
    }
  },
  "rewards": {
    "experience": 0,
    "recipes": [
      "fish_away_forge:iron_fishing_rod_recipe",
      "fish_away_forge:golden_fishing_rod_recipe"
    ]
  }
}