{
  "display": {
    "icon": {
      "item": "fish_away_forge:netherite_fishing_rod"
    },
    "title": {
      "translate": "advancements.veryrichfishermen.title"
    },
    "description": {
      "translate": "advancements.veryrichfishermen.descr"
    },
    "frame": "challenge",
    "show_toast": true,
    "announce_to_chat": true,
    "hidden": false
  },
  "criteria": {
    "veryrichfishermen": {
      "trigger": "minecraft:inventory_changed",
      "conditions": {
        "items": [
          {
            "items": [
              "fish_away_forge:netherite_fishing_rod"
            ],
            "count": {
              "min": 1,
              "max": 1
            }
          }
        ]
      }
    }
  },
  "parent": "fish_away_forge:rich_fishermen"
}