{
	"credit": "Made with Blockbench",
	"texture_size": [32, 32],
	"textures": {
		"0": "block/driftwood_planks_texture",
		"particle": "block/driftwood_planks_texture"
	},
	"elements": [
		{
			"from": [2.5, 0, -0.5],
			"to": [6.5, 1, 9.5],
			"rotation": {"angle": -22.5, "axis": "y", "origin": [4.5, 0.5, 1]},
			"faces": {
				"north": {"uv": [8, 8.5, 10, 9], "texture": "#0"},
				"east": {"uv": [8, 6.5, 13, 7], "texture": "#0"},
				"south": {"uv": [4, 9, 6, 9.5], "texture": "#0"},
				"west": {"uv": [8, 7, 13, 7.5], "texture": "#0"},
				"up": {"uv": [6, 9, 4, 4], "texture": "#0"},
				"down": {"uv": [8, 0, 6, 5], "texture": "#0"}
			}
		},
		{
			"from": [2.62776, 1, 6.91236],
			"to": [14.62776, 2, 10.91236],
			"rotation": {"angle": -22.5, "axis": "y", "origin": [9.62776, 1.5, 6.91236]},
			"faces": {
				"north": {"uv": [8, 4.5, 14, 5], "texture": "#0"},
				"east": {"uv": [6, 9.5, 8, 10], "texture": "#0"},
				"south": {"uv": [8, 5, 14, 5.5], "texture": "#0"},
				"west": {"uv": [8, 9.5, 10, 10], "texture": "#0"},
				"up": {"uv": [6, 2, 0, 0], "texture": "#0"},
				"down": {"uv": [6, 2, 0, 4], "texture": "#0"}
			}
		},
		{
			"from": [10.97343, 0, 1.17459],
			"to": [14.97343, 1, 12.17459],
			"rotation": {"angle": 22.5, "axis": "y", "origin": [12.97343, 0.5, 6.67459]},
			"faces": {
				"north": {"uv": [8, 9, 10, 9.5], "texture": "#0"},
				"east": {"uv": [8, 5.5, 13.5, 6], "texture": "#0"},
				"south": {"uv": [0, 9.5, 2, 10], "texture": "#0"},
				"west": {"uv": [8, 6, 13.5, 6.5], "texture": "#0"},
				"up": {"uv": [2, 9.5, 0, 4], "texture": "#0"},
				"down": {"uv": [4, 4, 2, 9.5], "texture": "#0"}
			}
		},
		{
			"from": [3.49581, 0, 8.85546],
			"to": [7.49581, 1, 17.85546],
			"rotation": {"angle": -22.5, "axis": "y", "origin": [7.49581, 0.5, 14.35546]},
			"faces": {
				"north": {"uv": [2, 9.5, 4, 10], "texture": "#0"},
				"east": {"uv": [8, 7.5, 12.5, 8], "texture": "#0"},
				"south": {"uv": [4, 9.5, 6, 10], "texture": "#0"},
				"west": {"uv": [8, 8, 12.5, 8.5], "texture": "#0"},
				"up": {"uv": [8, 9.5, 6, 5], "texture": "#0"},
				"down": {"uv": [10, 0, 8, 4.5], "texture": "#0"}
			}
		}
	],
	"display": {
		"ground": {
			"translation": [0, 4.75, 0]
		},
		"gui": {
			"rotation": [90, 0, 0],
			"translation": [0, 0.25, 0],
			"scale": [0.81445, 0.81445, 0.81445]
		},
		"head": {
			"translation": [0, 14.5, 0]
		},
		"fixed": {
			"rotation": [-90, 0, 0],
			"translation": [0, 0, -7.5]
		}
	}
}