{
	"credit": "Made with Blockbench",
	"texture_size": [32, 32],
	"textures": {
		"0": "fish-away:blocks/power_cable_basic",
		"particle": "fish-away:blocks/power_cable_basic"
	},
	"elements": [
		{
			"name": "mesh1",
			"from": [0, 6, 6],
			"to": [16, 10, 10],
			"rotation": {"angle": 0, "axis": "x", "origin": [8, 8, 8]},
			"faces": {
				"north": {"uv": [0, 2, 8, 0], "rotation": 180, "texture": "#0"},
				"east": {"uv": [9.5, 0, 11.5, 2], "rotation": 90, "texture": "#0"},
				"south": {"uv": [0, 0, 8, 2], "texture": "#0"},
				"west": {"uv": [9.5, 0, 11.5, 2], "rotation": 270, "texture": "#0"},
				"up": {"uv": [0, 2, 8, 0], "texture": "#0"},
				"down": {"uv": [8, 0, 0, 2], "texture": "#0"}
			}
		},
		{
			"name": "mesh2",
			"from": [6, 0, 6],
			"to": [10, 6, 10],
			"rotation": {"angle": 0, "axis": "x", "origin": [8, 8, 8]},
			"faces": {
				"north": {"uv": [3, 5, 5, 2.5], "rotation": 180, "texture": "#0"},
				"east": {"uv": [3, 5, 5, 2.5], "rotation": 180, "texture": "#0"},
				"south": {"uv": [3, 2.5, 5, 5], "texture": "#0"},
				"west": {"uv": [5, 2.5, 3, 5], "texture": "#0"},
				"down": {"uv": [9.5, 0, 11.5, 2], "rotation": 180, "texture": "#0"}
			}
		},
		{
			"name": "mesh3",
			"from": [6, 6, 0],
			"to": [10, 10, 6],
			"rotation": {"angle": 0, "axis": "x", "origin": [8, 8, 8]},
			"faces": {
				"north": {"uv": [9.5, 0, 11.5, 2], "texture": "#0"},
				"east": {"uv": [3, 5, 5, 2.5], "rotation": 90, "texture": "#0"},
				"west": {"uv": [3, 5, 5, 2.5], "rotation": 270, "texture": "#0"},
				"up": {"uv": [3, 5, 5, 2.5], "texture": "#0"},
				"down": {"uv": [3, 5, 5, 2.5], "rotation": 180, "texture": "#0"}
			}
		}
	],
	"display": {
		"thirdperson_righthand": {
			"rotation": [75, 45, 0],
			"translation": [0, 2.5, 0],
			"scale": [0.375, 0.375, 0.375]
		},
		"thirdperson_lefthand": {
			"rotation": [75, 45, 0],
			"translation": [0, 2.5, 0],
			"scale": [0.375, 0.375, 0.375]
		},
		"firstperson_righthand": {
			"rotation": [0, 45, 0],
			"scale": [0.4, 0.4, 0.4]
		},
		"firstperson_lefthand": {
			"rotation": [0, 225, 0],
			"scale": [0.4, 0.4, 0.4]
		},
		"ground": {
			"translation": [0, 3, 0],
			"scale": [0.25, 0.25, 0.25]
		},
		"gui": {
			"rotation": [30, 225, 0],
			"scale": [0.625, 0.625, 0.625]
		},
		"fixed": {
			"scale": [0.5, 0.5, 0.5]
		}
	}
}