{
	"credit": "Made with Blockbench",
	"texture_size": [32, 32],
	"textures": {
		"0": "fish-away:blocks/power_cable_basic",
		"particle": "fish-away:blocks/power_cable_basic"
	},
	"elements": [
		{
			"name": "mesh1",
			"from": [6, 0, 6],
			"to": [10, 10, 10],
			"rotation": {"angle": 0, "axis": "x", "origin": [8, 8, 8]},
			"faces": {
				"north": {"uv": [5, 7, 0, 9], "rotation": 90, "texture": "#0"},
				"east": {"uv": [5, 14, 0, 16], "rotation": 90, "texture": "#0"},
				"south": {"uv": [5, 9, 0, 7], "rotation": 90, "texture": "#0"},
				"west": {"uv": [11.5, 14, 6.5, 16], "rotation": 90, "texture": "#0"},
				"up": {"uv": [11, 14, 9, 16], "texture": "#0"},
				"down": {"uv": [9.5, 0, 11.5, 2], "rotation": 180, "texture": "#0"}
			}
		},
		{
			"name": "mesh2",
			"from": [10, 6, 6],
			"to": [16, 10, 10],
			"rotation": {"angle": 0, "axis": "x", "origin": [8, 8, 8]},
			"faces": {
				"north": {"uv": [5, 9, 3, 12], "rotation": 90, "texture": "#0"},
				"east": {"uv": [9.5, 0, 11.5, 2], "rotation": 90, "texture": "#0"},
				"south": {"uv": [5, 12, 3, 9], "rotation": 90, "texture": "#0"},
				"up": {"uv": [11.5, 16, 14.5, 14], "texture": "#0"},
				"down": {"uv": [6.5, 16, 9.5, 14], "rotation": 180, "texture": "#0"}
			}
		}
	],
	"display": {
		"thirdperson_righthand": {
			"rotation": [75, 45, 0],
			"translation": [0, 2.5, 0],
			"scale": [0.375, 0.375, 0.375]
		},
		"thirdperson_lefthand": {
			"rotation": [75, 45, 0],
			"translation": [0, 2.5, 0],
			"scale": [0.375, 0.375, 0.375]
		},
		"firstperson_righthand": {
			"rotation": [0, 45, 0],
			"scale": [0.4, 0.4, 0.4]
		},
		"firstperson_lefthand": {
			"rotation": [0, 225, 0],
			"scale": [0.4, 0.4, 0.4]
		},
		"ground": {
			"translation": [0, 3, 0],
			"scale": [0.25, 0.25, 0.25]
		},
		"gui": {
			"rotation": [30, 225, 0],
			"scale": [0.625, 0.625, 0.625]
		},
		"fixed": {
			"scale": [0.5, 0.5, 0.5]
		}
	}
}