{
	"credit": "Made with Blockbench",
	"parent": "hat_50_item",
	"texture_size": [32, 32],
	"textures": {
		"0": "block/oak_log",
		"particle": "block/oak_log"
	},
	"elements": [
		{
			"from": [4, 8, 4],
			"to": [12, 9, 12],
			"rotation": {"angle": 0, "axis": "y", "origin": [8, 0, 8]},
			"faces": {
				"north": {"uv": [8, 4, 4, 4.5], "texture": "#0"},
				"east": {"uv": [12, 4, 8, 4.5], "texture": "#0"},
				"south": {"uv": [16, 4, 12, 4.5], "texture": "#0"},
				"west": {"uv": [4, 4, 0, 4.5], "texture": "#0"},
				"up": {"uv": [4, 4, 8, 0], "texture": "#0"},
				"down": {"uv": [8, 0, 12, 4], "texture": "#0"}
			}
		},
		{
			"from": [3, 6, 4],
			"to": [4, 9, 12],
			"rotation": {"angle": 0, "axis": "y", "origin": [8, 0, 8]},
			"faces": {
				"north": {"uv": [8, 12.5, 8.5, 14], "texture": "#0"},
				"east": {"uv": [4, 12.5, 8, 14], "texture": "#0"},
				"south": {"uv": [12.5, 12.5, 13, 14], "texture": "#0"},
				"west": {"uv": [8.5, 12.5, 12.5, 14], "texture": "#0"},
				"up": {"uv": [8.5, 12.5, 8, 8.5], "texture": "#0"},
				"down": {"uv": [9, 8.5, 8.5, 12.5], "texture": "#0"}
			}
		},
		{
			"from": [12, 6, 4],
			"to": [13, 9, 12],
			"rotation": {"angle": 0, "axis": "y", "origin": [8, 0, 8]},
			"faces": {
				"north": {"uv": [8, 12.5, 8.5, 14], "texture": "#0"},
				"east": {"uv": [4, 12.5, 8, 14], "texture": "#0"},
				"south": {"uv": [12.5, 12.5, 13, 14], "texture": "#0"},
				"west": {"uv": [8.5, 12.5, 12.5, 14], "texture": "#0"},
				"up": {"uv": [8.5, 12.5, 8, 8.5], "texture": "#0"},
				"down": {"uv": [9, 8.5, 8.5, 12.5], "texture": "#0"}
			}
		},
		{
			"from": [5.85, 9, 6],
			"to": [7.85, 17, 10],
			"rotation": {"angle": 0, "axis": "y", "origin": [8, 0, 8]},
			"faces": {
				"north": {"uv": [6, 10, 7, 14], "texture": "#0"},
				"east": {"uv": [4, 10, 6, 14], "texture": "#0"},
				"south": {"uv": [9, 10, 10, 14], "texture": "#0"},
				"west": {"uv": [7, 10, 9, 14], "texture": "#0"},
				"up": {"uv": [7, 10, 6, 8], "texture": "#0"},
				"down": {"uv": [8, 8, 7, 10], "texture": "#0"}
			}
		},
		{
			"from": [4.85, 15, 6],
			"to": [5.85, 17, 10],
			"rotation": {"angle": 0, "axis": "y", "origin": [8, 0, 8]},
			"faces": {
				"north": {"uv": [5.5, 11.5, 5, 12.5], "texture": "#0"},
				"east": {"uv": [7.5, 11.5, 5.5, 12.5], "texture": "#0"},
				"south": {"uv": [8, 11.5, 7.5, 12.5], "texture": "#0"},
				"west": {"uv": [5, 11.5, 3, 12.5], "texture": "#0"},
				"up": {"uv": [5, 11.5, 5.5, 9.5], "texture": "#0"},
				"down": {"uv": [5.5, 9.5, 6, 11.5], "texture": "#0"}
			}
		},
		{
			"from": [2.85, 9, 6],
			"to": [4.85, 17, 10],
			"rotation": {"angle": 0, "axis": "y", "origin": [8, 0, 8]},
			"faces": {
				"north": {"uv": [2, 4, 3, 8], "texture": "#0"},
				"east": {"uv": [0, 4, 2, 8], "texture": "#0"},
				"south": {"uv": [5, 4, 6, 8], "texture": "#0"},
				"west": {"uv": [3, 4, 5, 8], "texture": "#0"},
				"up": {"uv": [3, 4, 2, 2], "texture": "#0"},
				"down": {"uv": [4, 2, 3, 4], "texture": "#0"}
			}
		},
		{
			"from": [4.85, 9, 6],
			"to": [5.85, 11, 10],
			"rotation": {"angle": 0, "axis": "y", "origin": [8, 0, 8]},
			"faces": {
				"north": {"uv": [13, 14, 13.5, 15], "texture": "#0"},
				"east": {"uv": [11, 14, 13, 15], "texture": "#0"},
				"south": {"uv": [15.5, 14, 16, 15], "texture": "#0"},
				"west": {"uv": [13.5, 14, 15.5, 15], "texture": "#0"},
				"up": {"uv": [13.5, 14, 13, 12], "texture": "#0"},
				"down": {"uv": [14, 12, 13.5, 14], "texture": "#0"}
			}
		},
		{
			"from": [8.9, 9, 6],
			"to": [13.15, 11, 10],
			"rotation": {"angle": 0, "axis": "y", "origin": [8, 0, 8]},
			"faces": {
				"north": {"uv": [10, 9, 12, 10], "texture": "#0"},
				"east": {"uv": [8, 9, 10, 10], "texture": "#0"},
				"south": {"uv": [14, 9, 16, 10], "texture": "#0"},
				"west": {"uv": [12, 9, 14, 10], "texture": "#0"},
				"up": {"uv": [12, 9, 10, 7], "texture": "#0"},
				"down": {"uv": [14, 7, 12, 9], "texture": "#0"}
			}
		},
		{
			"from": [8.9, 12, 6],
			"to": [13.15, 14, 10],
			"rotation": {"angle": 0, "axis": "y", "origin": [8, 0, 8]},
			"faces": {
				"north": {"uv": [2, 9.5, 4, 10.5], "texture": "#0"},
				"east": {"uv": [0, 9.5, 2, 10.5], "texture": "#0"},
				"south": {"uv": [6, 9.5, 8, 10.5], "texture": "#0"},
				"west": {"uv": [4, 9.5, 6, 10.5], "texture": "#0"},
				"up": {"uv": [4, 9.5, 2, 7.5], "texture": "#0"},
				"down": {"uv": [6, 7.5, 4, 9.5], "texture": "#0"}
			}
		},
		{
			"from": [8.15, 15, 6],
			"to": [13.15, 17, 10],
			"rotation": {"angle": 0, "axis": "y", "origin": [8, 0, 8]},
			"faces": {
				"north": {"uv": [9, 3, 11.5, 4], "texture": "#0"},
				"east": {"uv": [7, 3, 9, 4], "texture": "#0"},
				"south": {"uv": [13.5, 3, 16, 4], "texture": "#0"},
				"west": {"uv": [11.5, 3, 13.5, 4], "texture": "#0"},
				"up": {"uv": [11.5, 3, 9, 1], "texture": "#0"},
				"down": {"uv": [14, 1, 11.5, 3], "texture": "#0"}
			}
		},
		{
			"from": [8.9, 11, 6],
			"to": [10.15, 12, 10],
			"rotation": {"angle": 0, "axis": "y", "origin": [8, 0, 8]},
			"faces": {
				"north": {"uv": [11, 11.5, 11.5, 12], "texture": "#0"},
				"east": {"uv": [9, 11.5, 11, 12], "texture": "#0"},
				"south": {"uv": [13.5, 11.5, 14, 12], "texture": "#0"},
				"west": {"uv": [11.5, 11.5, 13.5, 12], "texture": "#0"},
				"up": {"uv": [11.5, 11.5, 11, 9.5], "texture": "#0"},
				"down": {"uv": [12, 9.5, 11.5, 11.5], "texture": "#0"}
			}
		},
		{
			"from": [11.15, 14, 6],
			"to": [13.15, 15, 10],
			"rotation": {"angle": 0, "axis": "y", "origin": [8, 0, 8]},
			"faces": {
				"north": {"uv": [11.5, 13.5, 12.5, 14], "texture": "#0"},
				"east": {"uv": [9.5, 13.5, 11.5, 14], "texture": "#0"},
				"south": {"uv": [14.5, 13.5, 15.5, 14], "texture": "#0"},
				"west": {"uv": [12.5, 13.5, 14.5, 14], "texture": "#0"},
				"up": {"uv": [12.5, 13.5, 11.5, 11.5], "texture": "#0"},
				"down": {"uv": [13.5, 11.5, 12.5, 13.5], "texture": "#0"}
			}
		},
		{
			"from": [8.15, 9.5, 6],
			"to": [8.9, 13.5, 10],
			"rotation": {"angle": 0, "axis": "y", "origin": [8, 0, 8]},
			"faces": {
				"north": {"uv": [5, 14, 5, 16], "texture": "#0"},
				"east": {"uv": [7, 14, 5, 16], "texture": "#0"},
				"south": {"uv": [7, 14, 7, 16], "texture": "#0"},
				"west": {"uv": [5, 14, 3, 16], "texture": "#0"},
				"up": {"uv": [5, 14, 5, 12], "texture": "#0"},
				"down": {"uv": [5, 12, 5, 14], "texture": "#0"}
			}
		}
	],
	"display": {
		"thirdperson_righthand": {
			"scale": [0.6, 0.6, 0.6]
		},
		"thirdperson_lefthand": {
			"scale": [0.6, 0.6, 0.6]
		},
		"firstperson_righthand": {
			"scale": [0.6, 0.6, 0.6]
		},
		"firstperson_lefthand": {
			"scale": [0.6, 0.6, 0.6]
		},
		"gui": {
			"rotation": [35.75, -40.25, 0],
			"translation": [0, -2.25, 0]
		},
		"head": {
			"translation": [0, 6.5, 0]
		},
		"fixed": {
			"translation": [0, -3.5, 0]
		}
	}
}