{
	"credit": "Made with Blockbench",
	"texture_size": [32, 32],
	"textures": {
		"1": "oak_planks"
	},
	"elements": [
		{
			"from": [1, 8, 4],
			"to": [15, 9, 12],
			"rotation": {"angle": 0, "axis": "y", "origin": [8, 0, 8]},
			"faces": {
				"north": {"uv": [11, 4, 4, 4.5], "texture": "#1"},
				"east": {"uv": [15, 4, 11, 4.5], "texture": "#1"},
				"south": {"uv": [22, 4, 15, 4.5], "texture": "#1"},
				"west": {"uv": [4, 4, 0, 4.5], "texture": "#1"},
				"up": {"uv": [4, 4, 11, 0], "texture": "#1"},
				"down": {"uv": [11, 0, 18, 4], "texture": "#1"}
			}
		},
		{
			"from": [3, 6, 4],
			"to": [4, 8, 12],
			"rotation": {"angle": 0, "axis": "y", "origin": [8, 0, 8]},
			"faces": {
				"north": {"uv": [8.5, 15, 9, 16], "texture": "#1"},
				"east": {"uv": [4.5, 15, 8.5, 16], "texture": "#1"},
				"south": {"uv": [13, 15, 13.5, 16], "texture": "#1"},
				"west": {"uv": [9, 15, 13, 16], "texture": "#1"},
				"up": {"uv": [9, 15, 8.5, 11], "texture": "#1"},
				"down": {"uv": [9.5, 11, 9, 15], "texture": "#1"}
			}
		},
		{
			"from": [12, 6, 4],
			"to": [13, 8, 12],
			"rotation": {"angle": 0, "axis": "y", "origin": [8, 0, 8]},
			"faces": {
				"north": {"uv": [11, 15, 11.5, 16], "texture": "#1"},
				"east": {"uv": [7, 15, 11, 16], "texture": "#1"},
				"south": {"uv": [15.5, 15, 16, 16], "texture": "#1"},
				"west": {"uv": [11.5, 15, 15.5, 16], "texture": "#1"},
				"up": {"uv": [11.5, 15, 11, 11], "texture": "#1"},
				"down": {"uv": [12, 11, 11.5, 15], "texture": "#1"}
			}
		},
		{
			"name": "text_100",
			"from": [14.55, 14, 6],
			"to": [15.55, 16, 10],
			"rotation": {"angle": 0, "axis": "y", "origin": [15.55, 9, 6]},
			"faces": {
				"north": {"uv": [4, 5, 4.5, 6], "texture": "#1"},
				"east": {"uv": [2, 5, 4, 6], "texture": "#1"},
				"south": {"uv": [6.5, 5, 7, 6], "texture": "#1"},
				"west": {"uv": [4.5, 5, 6.5, 6], "texture": "#1"},
				"up": {"uv": [4.5, 5, 4, 3], "texture": "#1"},
				"down": {"uv": [5, 3, 4.5, 5], "texture": "#1"}
			}
		},
		{
			"name": "text_100",
			"from": [12.55, 9, 6],
			"to": [14.55, 17, 10],
			"rotation": {"angle": 0, "axis": "y", "origin": [15.55, 9, 6]},
			"faces": {
				"north": {"uv": [4, 5, 5, 9], "texture": "#1"},
				"east": {"uv": [2, 5, 4, 9], "texture": "#1"},
				"south": {"uv": [7, 5, 8, 9], "texture": "#1"},
				"west": {"uv": [5, 5, 7, 9], "texture": "#1"},
				"up": {"uv": [5, 5, 4, 3], "texture": "#1"},
				"down": {"uv": [6, 3, 5, 5], "texture": "#1"}
			}
		},
		{
			"name": "text_100",
			"from": [10.25, 9, 6],
			"to": [12.25, 17, 10],
			"rotation": {"angle": 0, "axis": "y", "origin": [15.55, 9, 6]},
			"faces": {
				"north": {"uv": [4, 5, 5, 9], "texture": "#1"},
				"east": {"uv": [2, 5, 4, 9], "texture": "#1"},
				"south": {"uv": [7, 5, 8, 9], "texture": "#1"},
				"west": {"uv": [5, 5, 7, 9], "texture": "#1"},
				"up": {"uv": [5, 5, 4, 3], "texture": "#1"},
				"down": {"uv": [6, 3, 5, 5], "texture": "#1"}
			}
		},
		{
			"name": "text_100",
			"from": [9.25, 15, 6],
			"to": [10.25, 17, 10],
			"rotation": {"angle": 0, "axis": "y", "origin": [15.55, 9, 6]},
			"faces": {
				"north": {"uv": [4, 5, 4.5, 6], "texture": "#1"},
				"east": {"uv": [2, 5, 4, 6], "texture": "#1"},
				"south": {"uv": [6.5, 5, 7, 6], "texture": "#1"},
				"west": {"uv": [4.5, 5, 6.5, 6], "texture": "#1"},
				"up": {"uv": [4.5, 5, 4, 3], "texture": "#1"},
				"down": {"uv": [5, 3, 4.5, 5], "texture": "#1"}
			}
		},
		{
			"name": "text_100",
			"from": [7.25, 9, 6],
			"to": [9.25, 17, 10],
			"rotation": {"angle": 0, "axis": "y", "origin": [15.55, 9, 6]},
			"faces": {
				"north": {"uv": [4, 5, 5, 9], "texture": "#1"},
				"east": {"uv": [2, 5, 4, 9], "texture": "#1"},
				"south": {"uv": [7, 5, 8, 9], "texture": "#1"},
				"west": {"uv": [5, 5, 7, 9], "texture": "#1"},
				"up": {"uv": [5, 5, 4, 3], "texture": "#1"},
				"down": {"uv": [6, 3, 5, 5], "texture": "#1"}
			}
		},
		{
			"name": "text_100",
			"from": [9.25, 9, 6],
			"to": [10.25, 11, 10],
			"rotation": {"angle": 0, "axis": "y", "origin": [15.55, 9, 6]},
			"faces": {
				"north": {"uv": [3.5, 4, 4, 5], "texture": "#1"},
				"east": {"uv": [1.5, 4, 3.5, 5], "texture": "#1"},
				"south": {"uv": [6, 4, 6.5, 5], "texture": "#1"},
				"west": {"uv": [4, 4, 6, 5], "texture": "#1"},
				"up": {"uv": [4, 4, 3.5, 2], "texture": "#1"},
				"down": {"uv": [4.5, 2, 4, 4], "texture": "#1"}
			}
		},
		{
			"name": "text_100",
			"from": [4.95, 9, 6],
			"to": [6.95, 17, 10],
			"rotation": {"angle": 0, "axis": "y", "origin": [15.55, 9, 6]},
			"faces": {
				"north": {"uv": [4, 5, 5, 9], "texture": "#1"},
				"east": {"uv": [2, 5, 4, 9], "texture": "#1"},
				"south": {"uv": [7, 5, 8, 9], "texture": "#1"},
				"west": {"uv": [5, 5, 7, 9], "texture": "#1"},
				"up": {"uv": [5, 5, 4, 3], "texture": "#1"},
				"down": {"uv": [6, 3, 5, 5], "texture": "#1"}
			}
		},
		{
			"name": "text_100",
			"from": [3.95, 15, 6],
			"to": [4.95, 17, 10],
			"rotation": {"angle": 0, "axis": "y", "origin": [15.55, 9, 6]},
			"faces": {
				"north": {"uv": [4, 5, 4.5, 6], "texture": "#1"},
				"east": {"uv": [2, 5, 4, 6], "texture": "#1"},
				"south": {"uv": [6.5, 5, 7, 6], "texture": "#1"},
				"west": {"uv": [4.5, 5, 6.5, 6], "texture": "#1"},
				"up": {"uv": [4.5, 5, 4, 3], "texture": "#1"},
				"down": {"uv": [5, 3, 4.5, 5], "texture": "#1"}
			}
		},
		{
			"name": "text_100",
			"from": [1.95, 9, 6],
			"to": [3.95, 17, 10],
			"rotation": {"angle": 0, "axis": "y", "origin": [15.55, 9, 6]},
			"faces": {
				"north": {"uv": [4, 5, 5, 9], "texture": "#1"},
				"east": {"uv": [2, 5, 4, 9], "texture": "#1"},
				"south": {"uv": [7, 5, 8, 9], "texture": "#1"},
				"west": {"uv": [5, 5, 7, 9], "texture": "#1"},
				"up": {"uv": [5, 5, 4, 3], "texture": "#1"},
				"down": {"uv": [6, 3, 5, 5], "texture": "#1"}
			}
		},
		{
			"name": "text_100",
			"from": [3.95, 9, 6],
			"to": [4.95, 11, 10],
			"rotation": {"angle": 0, "axis": "y", "origin": [15.55, 9, 6]},
			"faces": {
				"north": {"uv": [2, 2, 2.5, 3], "texture": "#1"},
				"east": {"uv": [0, 2, 2, 3], "texture": "#1"},
				"south": {"uv": [4.5, 2, 5, 3], "texture": "#1"},
				"west": {"uv": [2.5, 2, 4.5, 3], "texture": "#1"},
				"up": {"uv": [2.5, 2, 2, 0], "texture": "#1"},
				"down": {"uv": [3, 0, 2.5, 2], "texture": "#1"}
			}
		}
	],
	"display": {
		"thirdperson_righthand": {
			"scale": [0.6, 0.6, 0.6]
		},
		"thirdperson_lefthand": {
			"scale": [0.6, 0.6, 0.6]
		},
		"firstperson_righthand": {
			"scale": [0.6, 0.6, 0.6]
		},
		"firstperson_lefthand": {
			"scale": [0.6, 0.6, 0.6]
		},
		"gui": {
			"rotation": [35.75, -40.25, 0],
			"translation": [0, -2.25, 0]
		},
		"head": {
			"translation": [0, 6.5, 0]
		},
		"fixed": {
			"translation": [0, -3.5, 0]
		}
	}
}