{
  "variants": {
    "facing=north": {
      "model": "fish_away_forge:block/basic_power_cable_l"
    },
    "facing=east": {
      "model": "fish_away_forge:block/basic_power_cable_l",
      "y": 90
    },
    "facing=south": {
      "model": "fish_away_forge:block/basic_power_cable_l",
      "y": 180
    },
    "facing=west": {
      "model": "fish_away_forge:block/basic_power_cable_l",
      "y": 270
    },
    "facing=up": {
      "model": "fish_away_forge:block/basic_power_cable_l",
      "x": 270
    },
    "facing=down": {
      "model": "fish_away_forge:block/basic_power_cable_l",
      "x": 90
    }
  }
}